trade_date,symbol,trade_count,total_quantity,net_qty,total_notional,avg_price
2023-03-01,AAPL,2,6152,-1056,3089181.8000000003,555.625
2023-03-01,AMZN,2,2483,-2483,1466215.66,738.745
2023-03-01,GOOGL,3,7743,-7743,5881734.199999999,646.1933333333333
2023-03-01,JPM,3,7337,6169,5930991.92,697.9200000000001
2023-03-01,META,1,3472,3472,2436649.5999999996,701.8
2023-03-01,MSFT,3,8031,-7357,4774849.96,725.2533333333334
2023-03-01,NVDA,5,14837,1399,7071638.67,602.094
2023-03-01,SPY,1,3190,3190,1457957.6,457.04
2023-03-01,TSLA,3,6896,-6896,4406985.56,446.4433333333333
2023-03-01,XOM,4,11568,-3500,7316763.699999999,602.145
2023-03-02,AAPL,5,17454,5126,10794634.7733,532.94978
2023-03-02,AMZN,2,6645,-2979,2764857.0599999996,295.02
2023-03-02,GOOGL,4,12127,-2701,6865389.08,534.09
2023-03-02,JPM,3,11688,-6782,7081778.18,640.3066666666667
2023-03-02,META,4,11646,11646,9072465.22,787.13
2023-03-02,MSFT,3,6743,-2179,4639877.64,657.4233333333333
2023-03-02,SPY,2,6038,-6038,461253.14,75.96000000000001
2023-03-02,TSLA,2,3660,-2732,2785249.2,767.995
2023-03-03,AAPL,3,6565,-6565,2680141.82,492.1333333333334
2023-03-03,AMZN,2,7024,-548,2952095.12,428.28999999999996
2023-03-03,GOOGL,4,8814,5504,5027248.45,603.5024999999999
2023-03-03,JPM,2,7920,550,4673955.55,585.9649999999999
2023-03-03,META,2,5753,-1411,5302412.1,910.105
2023-03-03,MSFT,4,14682,-166,8039138.59,551.685
2023-03-03,NVDA,3,7528,-7528,3662258.32,399.59666666666664
2023-03-03,SPY,3,3044,254,1094574.94,253.1766666666667
2023-03-03,TSLA,2,5218,4126,196878.62,69.58500000000001
2023-03-03,XOM,3,9625,-1051,1812834.23,142.45666666666668
2023-03-04,AAPL,1,2000,2000,807600.0,403.8
2023-03-04,AMZN,2,4029,-4029,3315690.09,822.98
2023-03-04,GOOGL,1,2342,-2342,644120.2599999999,275.03
2023-03-04,JPM,3,7410,-656,4378014.82,505.26666666666665
2023-03-04,META,3,10648,3190,8644229.88,797.1999999999999
2023-03-04,MSFT,2,2864,-2864,2550636.48,918.1700000000001
2023-03-04,NVDA,2,6205,6205,3144361.4,537.53
2023-03-04,TSLA,2,5143,-599,3143334.84,633.98
2023-03-04,XOM,2,6743,2037,4088055.2899999996,521.53
2023-03-05,AAPL,3,8637,-3081,2274236.51,454.89000000000004
2023-03-05,AMZN,2,5778,5778,3181602.8,644.8499999999999
2023-03-05,GOOGL,4,8541,3043,3774560.2500000005,538.0550000000001
2023-03-05,META,5,9615,1767,5758034.04,638.338
2023-03-05,MSFT,5,12241,781,8798375.9884,579.82688
2023-03-05,NVDA,4,10748,4570,1759802.8199999998,164.385
2023-03-05,SPY,4,14256,-5386,6275195.01,446.53749999999997
2023-03-05,TSLA,1,355,355,171731.25,483.75
2023-03-05,XOM,8,25382,2566,14367395.66,605.11625
2023-03-06,AAPL,1,3201,-3201,1769832.9,552.9
2023-03-06,AMZN,4,5504,5504,1183235.97,438.2725
2023-03-06,GOOGL,3,8287,7433,1946722.6600000001,252.33333333333334
2023-03-06,JPM,3,8463,2831,2077964.19,392.44666666666666
2023-03-06,META,3,10567,10567,3137378.1424,323.92586666666665
2023-03-06,MSFT,1,3067,3067,166139.39,54.17
2023-03-06,NVDA,3,2405,2405,1983660.75,638.9166666666666
2023-03-06,SPY,2,8012,1240,5364632.28,650.19
2023-03-06,TSLA,5,12402,784,4130101.9557999996,346.50506
2023-03-07,AAPL,6,20414,11470,11240754.47,457.92
2023-03-07,AMZN,3,9735,1309,3761589.35,372.65000000000003
2023-03-07,GOOGL,2,6943,-2691,6203795.27,826.55
2023-03-07,JPM,1,2583,-2583,491493.24,190.28
2023-03-07,META,4,5569,-3663,2743728.16,468.36
2023-03-07,NVDA,1,3335,3335,235317.6,70.56
2023-03-07,TSLA,2,7422,-1022,2083779.5,279.88
2023-03-07,XOM,2,6461,503,5903409.21,917.33
2023-03-08,AAPL,1,181,181,73781.03,407.63
2023-03-08,AMZN,4,5043,4621,4062651.05,686.58
2023-03-08,GOOGL,1,4207,-4207,2792774.8800000004,663.84
2023-03-08,JPM,3,6587,2405,2427439.34,269.0
2023-03-08,META,5,15369,3397,9160804.96,598.5260000000001
2023-03-08,NVDA,3,7962,-7636,3494693.67,512.9533333333334
2023-03-08,SPY,1,2667,-2667,1745871.54,654.62
2023-03-08,TSLA,1,70,-70,46094.3,658.49
2023-03-08,XOM,1,3222,-3222,180432.0,56.0
2023-03-09,AAPL,2,3228,208,1760062.88,572.56
2023-03-09,AMZN,2,3761,-3761,3376825.35,937.8
2023-03-09,GOOGL,5,15562,990,9232119.85,646.634
2023-03-09,JPM,1,1635,1635,571661.4,349.64
2023-03-09,META,1,2116,2116,80534.96,38.06
2023-03-09,MSFT,2,5513,-5513,4075838.29,685.415
2023-03-09,NVDA,2,2831,2831,1537104.7499999998,649.1949999999999
2023-03-09,SPY,4,11040,6490,5032830.31,436.72749999999996
2023-03-09,TSLA,1,4418,-4418,4254003.84,962.88
2023-03-09,XOM,1,956,-956,385602.60000000003,403.35
2023-03-10,AAPL,8,20475,6247,11344560.649999999,527.855
2023-03-10,AMZN,3,8213,2449,3527967.87,376.9866666666667
2023-03-10,GOOGL,2,3380,3380,959661.2157000001,479.58485
2023-03-10,JPM,2,3696,-3696,1715815.26,366.55
2023-03-10,META,1,732,732,169824.0,232.0
2023-03-10,MSFT,3,10754,5540,3531969.21,261.4433333333333
2023-03-10,NVDA,7,12743,-6509,4745239.93,373.70142857142855
2023-03-10,SPY,3,5178,3494,1296602.7000000002,404.47
2023-03-10,TSLA,1,3082,3082,1221334.96,396.28
2023-03-10,XOM,2,3554,-3554,1779947.76,463.96500000000003
